﻿{"cameraMode":{"drawMode":0,"name":"Shaded","section":"Shading Mode"},"sceneLighting":true,"audioPlay":false,"sceneViewState":{"showFog":true,"showMaterialUpdate":false,"showSkybox":true,"showFlares":true,"showImageEffects":true,"showParticleSystems":true},"in2DMode":false,"pivot":{"x":-2.123012065887451,"y":-0.3336670994758606,"z":2.4968149662017824},"rotation":{"x":-0.1462642401456833,"y":0.7887880802154541,"z":-0.20587803423404694,"w":-0.5603877305984497},"size":15.100003242492676,"orthographic":false}