﻿{"cameraMode":{"drawMode":0,"name":"Shaded","section":"Shading Mode"},"sceneLighting":false,"audioPlay":false,"sceneViewState":{"showFog":true,"showMaterialUpdate":false,"showSkybox":true,"showFlares":true,"showImageEffects":true,"showParticleSystems":true},"in2DMode":false,"pivot":{"x":-7.573416709899902,"y":7.840371131896973,"z":-2.5924582481384279},"rotation":{"x":-0.09308236092329025,"y":0.7099735140800476,"z":-0.09557253867387772,"w":-0.6914761066436768},"size":5.052981853485107,"orthographic":false}