﻿{"cameraMode":{"drawMode":0,"name":"Shaded","section":"Shading Mode"},"sceneLighting":true,"audioPlay":false,"sceneViewState":{"showFog":true,"showMaterialUpdate":false,"showSkybox":true,"showFlares":true,"showImageEffects":true,"showParticleSystems":true},"in2DMode":false,"pivot":{"x":-7.979818344116211,"y":0.794914722442627,"z":6.723160743713379},"rotation":{"x":-0.17237098515033723,"y":0.5981183052062988,"z":-0.13369441032409669,"w":-0.771147608757019},"size":26.43238067626953,"orthographic":false}