﻿{"cameraMode":{"drawMode":0,"name":"Shaded","section":"Shading Mode"},"sceneLighting":false,"audioPlay":false,"sceneViewState":{"showFog":true,"showMaterialUpdate":false,"showSkybox":true,"showFlares":true,"showImageEffects":true,"showParticleSystems":true},"in2DMode":false,"pivot":{"x":-5.622013092041016,"y":-0.9000228643417358,"z":-2.476583957672119},"rotation":{"x":-0.19686222076416017,"y":0.3746989369392395,"z":-0.08175028860569,"w":-0.9023097157478333},"size":3.4527487754821779,"orthographic":false}